[
null,
{"id":1,"battlerName":"Actor4_4","characterIndex":1,"characterName":"KirbyLi","classId":5,"equips":[1,1,2,3,0],"faceIndex":0,"faceName":"Listion","traits":[{"code":51,"dataId":9,"value":1},{"code":52,"dataId":3,"value":1},{"code":43,"dataId":5,"value":1},{"code":41,"dataId":2,"value":1},{"code":43,"dataId":17,"value":1}],"initialLevel":1,"maxLevel":99,"name":"Listion","nickname":"","note":"","profile":""},
{"id":2,"battlerName":"Actor4_3","characterIndex":0,"characterName":"KirbyLi","classId":2,"equips":[2,1,2,3,4],"faceIndex":1,"faceName":"Listion","traits":[{"code":51,"dataId":11,"value":1},{"code":52,"dataId":2,"value":1},{"code":11,"dataId":1,"value":1},{"code":21,"dataId":0,"value":1},{"code":31,"dataId":4,"value":1},{"code":64,"dataId":4,"value":1},{"code":14,"dataId":1,"value":1},{"code":55,"dataId":1,"value":1},{"code":51,"dataId":4,"value":1}],"initialLevel":9,"maxLevel":99,"name":"Kirblise","nickname":"","note":"","profile":""},
{"id":3,"battlerName":"Actor2_1","characterIndex":7,"characterName":"Evil","classId":3,"equips":[3,0,2,3,4],"faceIndex":7,"faceName":"Evil","traits":[{"code":11,"dataId":3,"value":1},{"code":21,"dataId":0,"value":0.5},{"code":31,"dataId":5,"value":1}],"initialLevel":1,"maxLevel":99,"name":"Joson","nickname":"","note":"","profile":""},
{"id":4,"battlerName":"Actor2_7","characterIndex":6,"characterName":"Actor2","classId":4,"equips":[1,5,2,3,4],"faceIndex":6,"faceName":"Actor2","traits":[{"code":11,"dataId":7,"value":1},{"code":31,"dataId":7,"value":1},{"code":51,"dataId":2,"value":1}],"initialLevel":9,"maxLevel":99,"name":"Erion","nickname":"","note":"","profile":""},
{"id":5,"battlerName":"Actor1_6","characterIndex":4,"characterName":"People1","classId":3,"equips":[3,0,2,3,4],"faceIndex":4,"faceName":"People1","traits":[],"initialLevel":50,"maxLevel":99,"name":"Clark","nickname":"劇情","note":"","profile":""},
{"id":6,"battlerName":"Actor4_8","characterIndex":4,"characterName":"KirbyLi","classId":6,"equips":[13,5,6,7,8],"faceIndex":4,"faceName":"Listion","traits":[{"code":11,"dataId":2,"value":1},{"code":21,"dataId":0,"value":1},{"code":31,"dataId":2,"value":1},{"code":51,"dataId":6,"value":1},{"code":64,"dataId":4,"value":1},{"code":64,"dataId":5,"value":1},{"code":14,"dataId":1,"value":1}],"initialLevel":9,"maxLevel":99,"name":"沈徿宮參海","nickname":"參海","note":"","profile":""},
{"id":7,"battlerName":"Actor4_2","characterIndex":2,"characterName":"KirbyLi","classId":8,"equips":[3,5,2,3,4],"faceIndex":2,"faceName":"Listion","traits":[{"code":21,"dataId":0,"value":1},{"code":11,"dataId":5,"value":1},{"code":31,"dataId":5,"value":1},{"code":51,"dataId":9,"value":1},{"code":52,"dataId":2,"value":1},{"code":43,"dataId":15,"value":1}],"initialLevel":9,"maxLevel":99,"name":"酣酣","nickname":"小丘","note":"","profile":""},
{"id":8,"battlerName":"Actor4_5","characterIndex":3,"characterName":"KirbyLi","classId":3,"equips":[3,5,2,3,4],"faceIndex":3,"faceName":"Listion","traits":[{"code":11,"dataId":2,"value":1},{"code":31,"dataId":2,"value":1},{"code":51,"dataId":2,"value":1},{"code":51,"dataId":6,"value":1},{"code":52,"dataId":2,"value":1}],"initialLevel":9,"maxLevel":99,"name":"免華萬","nickname":"龍祥","note":"","profile":""},
{"id":9,"battlerName":"","characterIndex":0,"characterName":"","classId":1,"equips":[0,0,0,0,0],"faceIndex":0,"faceName":"","traits":[],"initialLevel":1,"maxLevel":99,"name":"","nickname":"","note":"","profile":""},
{"id":10,"battlerName":"","characterIndex":0,"characterName":"","classId":1,"equips":[0,0,0,0,0],"faceIndex":0,"faceName":"","traits":[],"initialLevel":1,"maxLevel":99,"name":"","nickname":"","note":"","profile":""},
{"id":11,"battlerName":"","characterIndex":0,"characterName":"","classId":1,"equips":[0,0,0,0,0],"faceIndex":0,"faceName":"","traits":[],"initialLevel":1,"maxLevel":99,"name":"","nickname":"","note":"","profile":""},
{"id":12,"battlerName":"","characterIndex":0,"characterName":"","classId":1,"equips":[0,0,0,0,0],"faceIndex":0,"faceName":"","traits":[],"initialLevel":1,"maxLevel":99,"name":"","nickname":"","note":"","profile":""},
{"id":13,"battlerName":"","characterIndex":0,"characterName":"","classId":1,"equips":[0,0,0,0,0],"faceIndex":0,"faceName":"","traits":[],"initialLevel":1,"maxLevel":99,"name":"","nickname":"","note":"","profile":""},
{"id":14,"battlerName":"","characterIndex":0,"characterName":"","classId":1,"equips":[0,0,0,0,0],"faceIndex":0,"faceName":"","traits":[],"initialLevel":1,"maxLevel":99,"name":"","nickname":"","note":"","profile":""},
{"id":15,"battlerName":"","characterIndex":0,"characterName":"","classId":1,"equips":[0,0,0,0,0],"faceIndex":0,"faceName":"","traits":[],"initialLevel":1,"maxLevel":99,"name":"","nickname":"","note":"","profile":""},
{"id":16,"battlerName":"","characterIndex":0,"characterName":"","classId":1,"equips":[0,0,0,0,0],"faceIndex":0,"faceName":"","traits":[],"initialLevel":1,"maxLevel":99,"name":"","nickname":"","note":"","profile":""},
{"id":17,"battlerName":"","characterIndex":0,"characterName":"","classId":1,"equips":[0,0,0,0,0],"faceIndex":0,"faceName":"","traits":[],"initialLevel":1,"maxLevel":99,"name":"","nickname":"","note":"","profile":""},
{"id":18,"battlerName":"","characterIndex":0,"characterName":"","classId":1,"equips":[0,0,0,0,0],"faceIndex":0,"faceName":"","traits":[],"initialLevel":1,"maxLevel":99,"name":"","nickname":"","note":"","profile":""},
{"id":19,"battlerName":"","characterIndex":0,"characterName":"","classId":1,"equips":[0,0,0,0,0],"faceIndex":0,"faceName":"","traits":[],"initialLevel":1,"maxLevel":99,"name":"","nickname":"","note":"","profile":""},
{"id":20,"battlerName":"","characterIndex":0,"characterName":"","classId":1,"equips":[0,0,0,0,0],"faceIndex":0,"faceName":"","traits":[],"initialLevel":1,"maxLevel":99,"name":"","nickname":"","note":"","profile":""}
]