[
null,
{"id":1,"atypeId":5,"description":"","etypeId":2,"traits":[{"code":22,"dataId":1,"value":0}],"iconIndex":128,"name":"盾","note":"","params":[0,0,0,10,0,0,0,0],"price":300},
{"id":2,"atypeId":1,"description":"","etypeId":3,"traits":[{"code":22,"dataId":1,"value":0}],"iconIndex":130,"name":"帽子","note":"","params":[0,0,0,10,0,0,0,0],"price":300},
{"id":3,"atypeId":1,"description":"","etypeId":4,"traits":[{"code":22,"dataId":1,"value":0}],"iconIndex":135,"name":"衣服","note":"","params":[0,0,0,10,0,0,0,0],"price":300},
{"id":4,"atypeId":1,"description":"","etypeId":5,"traits":[{"code":22,"dataId":1,"value":0}],"iconIndex":145,"name":"戒指","note":"","params":[0,0,0,0,10,0,0,0],"price":300},
{"id":5,"atypeId":2,"description":"","etypeId":2,"traits":[{"code":22,"dataId":1,"value":0.5},{"code":11,"dataId":1,"value":1},{"code":33,"dataId":0,"value":50}],"iconIndex":307,"name":"今日回家","note":"","params":[90,80,0,0,0,0,80,30],"price":250},
{"id":6,"atypeId":2,"description":"利用高規格的設計讓你體驗高級的穩定感","etypeId":3,"traits":[{"code":22,"dataId":1,"value":0}],"iconIndex":130,"name":"安全魔法帽","note":"","params":[20,40,0,0,0,0,25,40],"price":450},
{"id":7,"atypeId":2,"description":"沈徿宮傳奇衣服 專為陛下製造","etypeId":4,"traits":[{"code":22,"dataId":1,"value":0}],"iconIndex":315,"name":"資源安全衣","note":"","params":[80,30,0,0,0,0,70,30],"price":500},
{"id":8,"atypeId":2,"description":"恢復體力可繼續詠唱戰鬥","etypeId":5,"traits":[{"code":22,"dataId":1,"value":0},{"code":21,"dataId":0,"value":1}],"iconIndex":149,"name":"可愛加油服","note":"","params":[30,30,0,0,0,0,20,40],"price":450},
{"id":9,"atypeId":0,"description":"","etypeId":2,"traits":[{"code":22,"dataId":1,"value":0}],"iconIndex":0,"name":"","note":"","params":[0,0,0,0,0,0,0,0],"price":0},
{"id":10,"atypeId":0,"description":"","etypeId":2,"traits":[{"code":22,"dataId":1,"value":0}],"iconIndex":0,"name":"","note":"","params":[0,0,0,0,0,0,0,0],"price":0},
{"id":11,"atypeId":0,"description":"","etypeId":2,"traits":[{"code":22,"dataId":1,"value":0}],"iconIndex":0,"name":"","note":"","params":[0,0,0,0,0,0,0,0],"price":0},
{"id":12,"atypeId":0,"description":"","etypeId":2,"traits":[{"code":22,"dataId":1,"value":0}],"iconIndex":0,"name":"","note":"","params":[0,0,0,0,0,0,0,0],"price":0},
{"id":13,"atypeId":0,"description":"","etypeId":2,"traits":[{"code":22,"dataId":1,"value":0}],"iconIndex":0,"name":"","note":"","params":[0,0,0,0,0,0,0,0],"price":0},
{"id":14,"atypeId":0,"description":"","etypeId":2,"traits":[{"code":22,"dataId":1,"value":0}],"iconIndex":0,"name":"","note":"","params":[0,0,0,0,0,0,0,0],"price":0},
{"id":15,"atypeId":0,"description":"","etypeId":2,"traits":[{"code":22,"dataId":1,"value":0}],"iconIndex":0,"name":"","note":"","params":[0,0,0,0,0,0,0,0],"price":0},
{"id":16,"atypeId":0,"description":"","etypeId":2,"traits":[{"code":22,"dataId":1,"value":0}],"iconIndex":0,"name":"","note":"","params":[0,0,0,0,0,0,0,0],"price":0},
{"id":17,"atypeId":0,"description":"","etypeId":2,"traits":[{"code":22,"dataId":1,"value":0}],"iconIndex":0,"name":"","note":"","params":[0,0,0,0,0,0,0,0],"price":0},
{"id":18,"atypeId":0,"description":"","etypeId":2,"traits":[{"code":22,"dataId":1,"value":0}],"iconIndex":0,"name":"","note":"","params":[0,0,0,0,0,0,0,0],"price":0},
{"id":19,"atypeId":0,"description":"","etypeId":2,"traits":[{"code":22,"dataId":1,"value":0}],"iconIndex":0,"name":"","note":"","params":[0,0,0,0,0,0,0,0],"price":0},
{"id":20,"atypeId":0,"description":"","etypeId":2,"traits":[{"code":22,"dataId":1,"value":0}],"iconIndex":0,"name":"","note":"","params":[0,0,0,0,0,0,0,0],"price":0}
]