[
null,
{"id":1,"list":[{"code":0,"indent":0,"parameters":[]}],"name":"救出Kirblise","switchId":2,"trigger":1},
{"id":2,"list":[{"code":201,"indent":0,"parameters":[0,81,2,17,2,0]},{"code":101,"indent":0,"parameters":["",0,0,2]},{"code":401,"indent":0,"parameters":["\\n<Listion>"]},{"code":401,"indent":0,"parameters":["好了 這些應該都完成領取了"]},{"code":401,"indent":0,"parameters":["接下來我們就繼續往上走吧"]},{"code":101,"indent":0,"parameters":["",0,0,2]},{"code":401,"indent":0,"parameters":["\\n<Listion>"]},{"code":401,"indent":0,"parameters":["目標是"]},{"code":401,"indent":0,"parameters":["邪惡城都"]},{"code":101,"indent":0,"parameters":["",0,0,2]},{"code":401,"indent":0,"parameters":["\\n<ALL>"]},{"code":401,"indent":0,"parameters":["出發!"]},{"code":201,"indent":0,"parameters":[0,66,59,57,8,0]},{"code":356,"indent":0,"parameters":["Quest 3 Show Objective 9"]},{"code":356,"indent":0,"parameters":["Quest 3 Complete Objective 8"]},{"code":0,"indent":0,"parameters":[]}],"name":"解除都市經濟危機","switchId":1,"trigger":0},
{"id":3,"list":[{"code":0,"indent":0,"parameters":[]}],"name":"","switchId":1,"trigger":0},
{"id":4,"list":[{"code":0,"indent":0,"parameters":[]}],"name":"","switchId":1,"trigger":0}
]