[
null,
{"id":1,"actions":[{"conditionParam1":0,"conditionParam2":0,"conditionType":0,"rating":5,"skillId":1},{"conditionParam1":0,"conditionParam2":0,"conditionType":0,"rating":5,"skillId":2},{"conditionParam1":4,"conditionParam2":0,"conditionType":4,"rating":5,"skillId":1}],"battlerHue":0,"battlerName":"Bat","dropItems":[{"kind":1,"dataId":1,"denominator":1},{"kind":2,"dataId":2,"denominator":1},{"kind":3,"dataId":2,"denominator":1}],"exp":50,"traits":[{"code":22,"dataId":0,"value":0.95},{"code":22,"dataId":1,"value":0.05},{"code":31,"dataId":1,"value":0}],"gold":120,"name":"蝙蝠","note":"","params":[200,0,30,30,1,1,1,30]},
{"id":2,"actions":[{"conditionParam1":0,"conditionParam2":0,"conditionType":0,"rating":5,"skillId":1},{"conditionParam1":0,"conditionParam2":0,"conditionType":0,"rating":5,"skillId":7},{"conditionParam1":0,"conditionParam2":0,"conditionType":0,"rating":5,"skillId":2}],"battlerHue":0,"battlerName":"Slime","dropItems":[{"kind":1,"dataId":2,"denominator":1},{"kind":1,"dataId":4,"denominator":1},{"kind":3,"dataId":1,"denominator":1}],"exp":50,"traits":[{"code":22,"dataId":0,"value":0.95},{"code":22,"dataId":1,"value":0.05},{"code":31,"dataId":1,"value":0}],"gold":150,"name":"史萊姆","note":"","params":[250,0,30,30,1,1,1,30]},
{"id":3,"actions":[{"conditionParam1":0,"conditionParam2":0,"conditionType":0,"rating":5,"skillId":1}],"battlerHue":0,"battlerName":"Orc","dropItems":[{"kind":0,"dataId":0,"denominator":1},{"kind":0,"dataId":0,"denominator":1},{"kind":0,"dataId":0,"denominator":1}],"exp":310,"traits":[{"code":22,"dataId":0,"value":0.95},{"code":22,"dataId":1,"value":0.05},{"code":31,"dataId":1,"value":0}],"gold":1352,"name":"妖魔","note":"","params":[300,0,30,30,1,1,1,30]},
{"id":4,"actions":[{"conditionParam1":0,"conditionParam2":0,"conditionType":0,"rating":5,"skillId":1}],"battlerHue":0,"battlerName":"Minotaur","dropItems":[{"kind":1,"dataId":4,"denominator":1},{"kind":1,"dataId":3,"denominator":1},{"kind":1,"dataId":9,"denominator":1}],"exp":460,"traits":[{"code":22,"dataId":0,"value":0.95},{"code":22,"dataId":1,"value":0.05},{"code":31,"dataId":1,"value":0}],"gold":19530,"name":"牛頭怪","note":"","params":[500,0,30,30,1,1,1,30]},
{"id":5,"actions":[{"conditionParam1":0,"conditionParam2":0,"conditionType":0,"rating":5,"skillId":1},{"conditionParam1":0,"conditionParam2":0,"conditionType":0,"rating":5,"skillId":2}],"battlerHue":0,"battlerName":"Hornet","dropItems":[{"kind":2,"dataId":1,"denominator":1},{"kind":2,"dataId":4,"denominator":1},{"kind":3,"dataId":2,"denominator":1}],"exp":250,"traits":[{"code":22,"dataId":0,"value":0.95},{"code":22,"dataId":1,"value":0.05},{"code":31,"dataId":1,"value":0}],"gold":120,"name":"大黃蜂","note":"","params":[420,0,50,50,1,1,1,70]},
{"id":6,"actions":[{"conditionParam1":0,"conditionParam2":0,"conditionType":0,"rating":5,"skillId":3},{"conditionParam1":0,"conditionParam2":0,"conditionType":0,"rating":5,"skillId":12}],"battlerHue":0,"battlerName":"Fanatic","dropItems":[{"kind":1,"dataId":6,"denominator":1},{"kind":0,"dataId":0,"denominator":1},{"kind":0,"dataId":0,"denominator":1}],"exp":1000,"traits":[{"code":22,"dataId":0,"value":10},{"code":22,"dataId":1,"value":0.05},{"code":31,"dataId":1,"value":0}],"gold":3100,"name":"藥劑師","note":"","params":[550,120,1,20,60,1,40,100]},
{"id":7,"actions":[{"conditionParam1":0,"conditionParam2":0,"conditionType":0,"rating":8,"skillId":1},{"conditionParam1":0,"conditionParam2":0,"conditionType":0,"rating":7,"skillId":9}],"battlerHue":0,"battlerName":"Darklord","dropItems":[{"kind":0,"dataId":0,"denominator":1},{"kind":0,"dataId":0,"denominator":1},{"kind":0,"dataId":0,"denominator":1}],"exp":1250,"traits":[{"code":22,"dataId":0,"value":0.95},{"code":22,"dataId":1,"value":0.05},{"code":31,"dataId":1,"value":0}],"gold":4910,"name":"類管理","note":"","params":[780,650,120,50,1,1,1,20]},
{"id":8,"actions":[{"conditionParam1":0,"conditionParam2":0,"conditionType":0,"rating":5,"skillId":1},{"conditionParam1":0,"conditionParam2":0,"conditionType":0,"rating":5,"skillId":7},{"conditionParam1":0,"conditionParam2":0,"conditionType":0,"rating":5,"skillId":10}],"battlerHue":0,"battlerName":"Earthspirit","dropItems":[{"kind":0,"dataId":0,"denominator":1},{"kind":0,"dataId":0,"denominator":1},{"kind":0,"dataId":0,"denominator":1}],"exp":1500,"traits":[{"code":22,"dataId":0,"value":0.95},{"code":22,"dataId":1,"value":0.05},{"code":31,"dataId":1,"value":0}],"gold":8690,"name":"阿里家私浪普","note":"","params":[550,250,150,10,1,1,1,220]},
{"id":9,"actions":[{"conditionParam1":0,"conditionParam2":0,"conditionType":0,"rating":5,"skillId":1}],"battlerHue":0,"battlerName":"Demon","dropItems":[{"kind":0,"dataId":0,"denominator":1},{"kind":0,"dataId":0,"denominator":1},{"kind":0,"dataId":0,"denominator":1}],"exp":980,"traits":[{"code":22,"dataId":0,"value":0.95},{"code":22,"dataId":1,"value":0.05},{"code":31,"dataId":1,"value":0}],"gold":2890,"name":"阿穆斯壯","note":"","params":[450,120,35,10,1,1,30,10]},
{"id":10,"actions":[{"conditionParam1":0,"conditionParam2":0,"conditionType":0,"rating":8,"skillId":1},{"conditionParam1":0,"conditionParam2":0,"conditionType":0,"rating":5,"skillId":2}],"battlerHue":172,"battlerName":"Assassin","dropItems":[{"kind":1,"dataId":1,"denominator":1},{"kind":1,"dataId":12,"denominator":50},{"kind":3,"dataId":5,"denominator":100}],"exp":3100,"traits":[{"code":22,"dataId":0,"value":0.95},{"code":22,"dataId":1,"value":0.05},{"code":31,"dataId":1,"value":0}],"gold":51800,"name":"長位","note":"","params":[1200,50,250,35,1,1,35,30]},
{"id":11,"actions":[{"conditionParam1":0,"conditionParam2":0,"conditionType":0,"rating":8,"skillId":1},{"conditionParam1":0,"conditionParam2":0,"conditionType":0,"rating":5,"skillId":2},{"conditionParam1":0,"conditionParam2":0,"conditionType":0,"rating":8,"skillId":8}],"battlerHue":0,"battlerName":"Actor2_3","dropItems":[{"kind":1,"dataId":9,"denominator":1},{"dataId":1,"denominator":1,"kind":0},{"dataId":1,"denominator":1,"kind":0}],"exp":800,"traits":[{"code":22,"dataId":0,"value":0.95},{"code":22,"dataId":1,"value":0.05},{"code":31,"dataId":1,"value":0},{"code":41,"dataId":1,"value":1},{"code":12,"dataId":0,"value":0.3}],"gold":3000,"name":"曉風","note":"","params":[1400,40,1,50,50,1,100,90]},
{"id":12,"actions":[{"conditionParam1":0,"conditionParam2":0,"conditionType":0,"rating":5,"skillId":1},{"conditionParam1":0,"conditionParam2":0,"conditionType":0,"rating":5,"skillId":2},{"conditionParam1":0,"conditionParam2":0,"conditionType":0,"rating":5,"skillId":4}],"battlerHue":111,"battlerName":"Irongiant","dropItems":[{"kind":1,"dataId":1,"denominator":1},{"dataId":1,"denominator":1,"kind":0},{"dataId":1,"denominator":1,"kind":0}],"exp":5000,"traits":[{"code":22,"dataId":0,"value":0.95},{"code":22,"dataId":1,"value":0.05},{"code":31,"dataId":1,"value":0},{"code":41,"dataId":1,"value":1},{"code":31,"dataId":4,"value":1},{"code":21,"dataId":7,"value":1}],"gold":3100,"name":"決鬥代理人","note":"","params":[1600,120,150,40,1,1,50,600]},
{"id":13,"actions":[{"conditionParam1":0,"conditionParam2":0,"conditionType":0,"rating":9,"skillId":1},{"conditionParam1":0,"conditionParam2":0,"conditionType":0,"rating":5,"skillId":2},{"conditionParam1":0,"conditionParam2":0,"conditionType":0,"rating":9,"skillId":5},{"conditionParam1":0,"conditionParam2":0,"conditionType":0,"rating":5,"skillId":8}],"battlerHue":63,"battlerName":"Vampire","dropItems":[{"kind":1,"dataId":13,"denominator":1},{"dataId":1,"denominator":1,"kind":0},{"dataId":1,"denominator":1,"kind":0}],"exp":1200,"traits":[{"code":22,"dataId":0,"value":0.95},{"code":22,"dataId":1,"value":0.05},{"code":31,"dataId":2,"value":0},{"code":11,"dataId":2,"value":1},{"code":32,"dataId":10,"value":1},{"code":41,"dataId":1,"value":1}],"gold":35000,"name":"奪錢宅","note":"","params":[2500,0,150,40,50,2,1,151]},
{"id":14,"actions":[{"conditionParam1":0,"conditionParam2":0,"conditionType":0,"rating":5,"skillId":1},{"conditionParam1":0,"conditionParam2":0,"conditionType":0,"rating":5,"skillId":7}],"battlerHue":148,"battlerName":"Earthspirit","dropItems":[{"kind":1,"dataId":1,"denominator":1},{"dataId":1,"denominator":1,"kind":0},{"dataId":1,"denominator":1,"kind":0}],"exp":3500,"traits":[{"code":22,"dataId":0,"value":0.95},{"code":22,"dataId":1,"value":0.05},{"code":31,"dataId":1,"value":0}],"gold":2500,"name":"舜隆","note":"","params":[1200,10,140,45,1,1,1,50]},
{"id":15,"actions":[{"conditionParam1":0,"conditionParam2":0,"conditionType":0,"rating":5,"skillId":1}],"battlerHue":0,"battlerName":"","dropItems":[{"dataId":1,"denominator":1,"kind":0},{"dataId":1,"denominator":1,"kind":0},{"dataId":1,"denominator":1,"kind":0}],"exp":0,"traits":[{"code":22,"dataId":0,"value":0.95},{"code":22,"dataId":1,"value":0.05},{"code":31,"dataId":1,"value":0}],"gold":0,"name":"","note":"","params":[100,0,10,10,10,10,10,10]},
{"id":16,"actions":[{"conditionParam1":0,"conditionParam2":0,"conditionType":0,"rating":5,"skillId":1}],"battlerHue":0,"battlerName":"","dropItems":[{"dataId":1,"denominator":1,"kind":0},{"dataId":1,"denominator":1,"kind":0},{"dataId":1,"denominator":1,"kind":0}],"exp":0,"traits":[{"code":22,"dataId":0,"value":0.95},{"code":22,"dataId":1,"value":0.05},{"code":31,"dataId":1,"value":0}],"gold":0,"name":"","note":"","params":[100,0,10,10,10,10,10,10]},
{"id":17,"actions":[{"conditionParam1":0,"conditionParam2":0,"conditionType":0,"rating":5,"skillId":1}],"battlerHue":0,"battlerName":"","dropItems":[{"dataId":1,"denominator":1,"kind":0},{"dataId":1,"denominator":1,"kind":0},{"dataId":1,"denominator":1,"kind":0}],"exp":0,"traits":[{"code":22,"dataId":0,"value":0.95},{"code":22,"dataId":1,"value":0.05},{"code":31,"dataId":1,"value":0}],"gold":0,"name":"","note":"","params":[100,0,10,10,10,10,10,10]},
{"id":18,"actions":[{"conditionParam1":0,"conditionParam2":0,"conditionType":0,"rating":5,"skillId":1}],"battlerHue":0,"battlerName":"","dropItems":[{"dataId":1,"denominator":1,"kind":0},{"dataId":1,"denominator":1,"kind":0},{"dataId":1,"denominator":1,"kind":0}],"exp":0,"traits":[{"code":22,"dataId":0,"value":0.95},{"code":22,"dataId":1,"value":0.05},{"code":31,"dataId":1,"value":0}],"gold":0,"name":"","note":"","params":[100,0,10,10,10,10,10,10]},
{"id":19,"actions":[{"conditionParam1":0,"conditionParam2":0,"conditionType":0,"rating":5,"skillId":1}],"battlerHue":0,"battlerName":"","dropItems":[{"dataId":1,"denominator":1,"kind":0},{"dataId":1,"denominator":1,"kind":0},{"dataId":1,"denominator":1,"kind":0}],"exp":0,"traits":[{"code":22,"dataId":0,"value":0.95},{"code":22,"dataId":1,"value":0.05},{"code":31,"dataId":1,"value":0}],"gold":0,"name":"","note":"","params":[100,0,10,10,10,10,10,10]},
{"id":20,"actions":[{"conditionParam1":0,"conditionParam2":0,"conditionType":0,"rating":5,"skillId":1}],"battlerHue":0,"battlerName":"","dropItems":[{"dataId":1,"denominator":1,"kind":0},{"dataId":1,"denominator":1,"kind":0},{"dataId":1,"denominator":1,"kind":0}],"exp":0,"traits":[{"code":22,"dataId":0,"value":0.95},{"code":22,"dataId":1,"value":0.05},{"code":31,"dataId":1,"value":0}],"gold":0,"name":"","note":"","params":[100,0,10,10,10,10,10,10]}
]