[
null,
{"id":1,"animationId":41,"consumable":true,"damage":{"critical":false,"elementId":0,"formula":"50+20%","type":3,"variance":20},"description":"恢復血量500點","effects":[{"code":11,"dataId":0,"value1":0,"value2":500}],"hitType":0,"iconIndex":176,"itypeId":1,"name":"藥水","note":"","occasion":0,"price":50,"repeats":1,"scope":7,"speed":0,"successRate":100,"tpGain":0},
{"id":2,"animationId":41,"consumable":true,"damage":{"critical":false,"elementId":0,"formula":"0","type":0,"variance":20},"description":"恢復MP點數","effects":[{"code":12,"dataId":0,"value1":0,"value2":200}],"hitType":0,"iconIndex":179,"itypeId":1,"name":"魔法水","note":"","occasion":0,"price":100,"repeats":1,"scope":7,"speed":0,"successRate":100,"tpGain":0},
{"id":3,"animationId":45,"consumable":true,"damage":{"critical":false,"elementId":0,"formula":"0","type":0,"variance":20},"description":"去除毒素的藥劑","effects":[{"code":22,"dataId":4,"value1":1,"value2":0},{"code":22,"dataId":5,"value1":1,"value2":0},{"code":22,"dataId":6,"value1":1,"value2":0},{"code":22,"dataId":7,"value1":1,"value2":0},{"code":22,"dataId":8,"value1":1,"value2":0},{"code":22,"dataId":9,"value1":1,"value2":0},{"code":22,"dataId":10,"value1":1,"value2":0}],"hitType":0,"iconIndex":180,"itypeId":1,"name":"祛除藥草","note":"","occasion":0,"price":200,"repeats":1,"scope":7,"speed":0,"successRate":100,"tpGain":0},
{"id":4,"animationId":49,"consumable":true,"damage":{"critical":false,"elementId":0,"formula":"b.mhp / 2","type":3,"variance":20},"description":"幫助一位死亡之盟友恢復的藥水","effects":[{"code":22,"dataId":1,"value1":1,"value2":0}],"hitType":0,"iconIndex":179,"itypeId":1,"name":"興奮劑","note":"","occasion":0,"price":300,"repeats":1,"scope":9,"speed":0,"successRate":100,"tpGain":0},
{"id":5,"animationId":1,"consumable":true,"damage":{"critical":true,"elementId":4,"formula":"5+90*3","type":1,"variance":50},"description":"傷害敵對的血量285點","effects":[],"hitType":0,"iconIndex":177,"itypeId":1,"name":"順林藥水","note":"","occasion":1,"price":50,"repeats":1,"scope":2,"speed":100,"successRate":100,"tpGain":100},
{"id":6,"animationId":1,"consumable":true,"damage":{"critical":true,"elementId":1,"formula":"20*5","type":1,"variance":20},"description":"傷害敵對的血量100點","effects":[{"code":43,"dataId":12,"value1":1,"value2":0}],"hitType":0,"iconIndex":305,"itypeId":1,"name":"以卵擊石","note":"","occasion":0,"price":0,"repeats":1,"scope":2,"speed":0,"successRate":100,"tpGain":0},
{"id":7,"animationId":0,"consumable":true,"damage":{"critical":false,"elementId":0,"formula":"0","type":0,"variance":20},"description":"可恢復到滿血滿力狀態","effects":[{"code":11,"dataId":0,"value1":1,"value2":0},{"code":12,"dataId":0,"value1":1,"value2":0},{"code":13,"dataId":0,"value1":100,"value2":0},{"code":31,"dataId":0,"value1":5,"value2":0},{"code":31,"dataId":2,"value1":10,"value2":0}],"hitType":0,"iconIndex":176,"itypeId":1,"name":"信箱藥水","note":"","occasion":0,"price":250,"repeats":1,"scope":7,"speed":0,"successRate":100,"tpGain":0},
{"id":8,"animationId":20,"consumable":true,"damage":{"critical":false,"elementId":0,"formula":"30*5","type":1,"variance":20},"description":"半擊潰敵人","effects":[],"hitType":1,"iconIndex":229,"itypeId":1,"name":"灣堧藥水","note":"","occasion":0,"price":300,"repeats":4,"scope":2,"speed":0,"successRate":100,"tpGain":0},
{"id":9,"animationId":0,"consumable":true,"damage":{"critical":false,"elementId":5,"formula":"10+25%","type":0,"variance":20},"description":"可自動攻擊敵隊","effects":[{"code":21,"dataId":11,"value1":1,"value2":0},{"code":11,"dataId":0,"value1":1,"value2":0}],"hitType":0,"iconIndex":87,"itypeId":1,"name":"星之呼喚","note":"","occasion":0,"price":350,"repeats":1,"scope":8,"speed":0,"successRate":100,"tpGain":0},
{"id":10,"animationId":0,"consumable":true,"damage":{"critical":false,"elementId":0,"formula":"0","type":0,"variance":20},"description":"恢復滿血","effects":[{"code":22,"dataId":1,"value1":1,"value2":0},{"code":12,"dataId":0,"value1":1,"value2":0},{"code":13,"dataId":0,"value1":100,"value2":0},{"code":11,"dataId":0,"value1":1,"value2":0}],"hitType":0,"iconIndex":302,"itypeId":1,"name":"月之乎想","note":"","occasion":0,"price":360,"repeats":1,"scope":9,"speed":0,"successRate":100,"tpGain":0},
{"id":11,"animationId":43,"consumable":true,"damage":{"critical":false,"elementId":0,"formula":"0","type":0,"variance":20},"description":"溣回水是除了幫你恢復血量之外 還額外多加520點的血量","effects":[{"code":11,"dataId":0,"value1":1,"value2":520}],"hitType":2,"iconIndex":179,"itypeId":1,"name":"溣回水","note":"","occasion":0,"price":250,"repeats":1,"scope":8,"speed":0,"successRate":100,"tpGain":0},
{"id":12,"animationId":42,"consumable":true,"damage":{"critical":false,"elementId":0,"formula":"0","type":0,"variance":20},"description":"民和水只會恢復一半的血量","effects":[{"code":11,"dataId":0,"value1":0.5,"value2":0}],"hitType":0,"iconIndex":178,"itypeId":1,"name":"民和水","note":"","occasion":0,"price":150,"repeats":1,"scope":7,"speed":0,"successRate":100,"tpGain":0},
{"id":13,"animationId":0,"consumable":true,"damage":{"critical":false,"elementId":0,"formula":"0","type":0,"variance":20},"description":"那只是錢而已","effects":[],"hitType":0,"iconIndex":83,"itypeId":1,"name":"KSRGB幣","note":"","occasion":3,"price":0,"repeats":1,"scope":0,"speed":0,"successRate":100,"tpGain":0},
{"id":14,"animationId":48,"consumable":true,"damage":{"critical":false,"elementId":0,"formula":"0","type":0,"variance":20},"description":"傳說是980年於安芬時期中梁良皇帝要求梁大夫製造的藥品此藥品苦中帶甜但又甜中帶鹹 適合在戰爭上得到恢復的效果\n並且此藥物可以對全部盟友恢復滿血去除毒害 非常適合養身","effects":[{"code":11,"dataId":0,"value1":1,"value2":0},{"code":12,"dataId":0,"value1":1,"value2":0},{"code":13,"dataId":0,"value1":100,"value2":0},{"code":22,"dataId":1,"value1":1,"value2":0},{"code":22,"dataId":4,"value1":1,"value2":0},{"code":22,"dataId":4,"value1":1,"value2":0},{"code":22,"dataId":5,"value1":1,"value2":0},{"code":22,"dataId":6,"value1":1,"value2":0},{"code":22,"dataId":7,"value1":1,"value2":0},{"code":22,"dataId":8,"value1":1,"value2":0},{"code":22,"dataId":9,"value1":1,"value2":0},{"code":22,"dataId":10,"value1":1,"value2":0},{"code":21,"dataId":0,"value1":1,"value2":0}],"hitType":0,"iconIndex":228,"itypeId":1,"name":"鼓膜靈","note":"","occasion":0,"price":0,"repeats":1,"scope":8,"speed":0,"successRate":100,"tpGain":0},
{"id":15,"animationId":3,"consumable":true,"damage":{"critical":false,"elementId":2,"formula":"0","type":1,"variance":20},"description":"可直接讓敵對倒下(speedrun推薦)","effects":[{"code":11,"dataId":0,"value1":-1,"value2":0}],"hitType":0,"iconIndex":87,"itypeId":2,"name":"保皇宮","note":"直接掛點保護","occasion":1,"price":0,"repeats":1,"scope":2,"speed":0,"successRate":100,"tpGain":0},
{"id":16,"animationId":0,"consumable":true,"damage":{"critical":false,"elementId":0,"formula":"0","type":0,"variance":20},"description":"","effects":[],"hitType":0,"iconIndex":0,"itypeId":1,"name":"","note":"","occasion":0,"price":0,"repeats":1,"scope":7,"speed":0,"successRate":100,"tpGain":0},
{"id":17,"animationId":0,"consumable":true,"damage":{"critical":false,"elementId":0,"formula":"0","type":0,"variance":20},"description":"","effects":[],"hitType":0,"iconIndex":0,"itypeId":1,"name":"","note":"","occasion":0,"price":0,"repeats":1,"scope":7,"speed":0,"successRate":100,"tpGain":0},
{"id":18,"animationId":0,"consumable":true,"damage":{"critical":false,"elementId":0,"formula":"0","type":0,"variance":20},"description":"","effects":[],"hitType":0,"iconIndex":0,"itypeId":1,"name":"","note":"","occasion":0,"price":0,"repeats":1,"scope":7,"speed":0,"successRate":100,"tpGain":0},
{"id":19,"animationId":0,"consumable":true,"damage":{"critical":false,"elementId":0,"formula":"0","type":0,"variance":20},"description":"","effects":[],"hitType":0,"iconIndex":0,"itypeId":1,"name":"","note":"","occasion":0,"price":0,"repeats":1,"scope":7,"speed":0,"successRate":100,"tpGain":0},
{"id":20,"animationId":0,"consumable":true,"damage":{"critical":false,"elementId":0,"formula":"0","type":0,"variance":20},"description":"","effects":[],"hitType":0,"iconIndex":0,"itypeId":1,"name":"","note":"","occasion":0,"price":0,"repeats":1,"scope":7,"speed":0,"successRate":100,"tpGain":0}
]