[
null,
{"id":1,"animationId":-1,"damage":{"critical":true,"elementId":-1,"formula":"a.atk * 4 - b.def * 2","type":1,"variance":20},"description":"","effects":[{"code":21,"dataId":0,"value1":1,"value2":0}],"hitType":1,"iconIndex":76,"message1":"攻擊！","message2":"","mpCost":0,"name":"攻擊","note":"當選擇 攻擊 命令時，將使用技能 #1。","occasion":1,"repeats":1,"requiredWtypeId1":0,"requiredWtypeId2":0,"scope":1,"speed":0,"stypeId":0,"successRate":100,"tpCost":0,"tpGain":10},
{"id":2,"animationId":0,"damage":{"critical":false,"elementId":0,"formula":"0","type":0,"variance":20},"description":"","effects":[{"code":21,"dataId":2,"value1":1,"value2":0}],"hitType":0,"iconIndex":81,"message1":"防護。","message2":"","mpCost":0,"name":"防護","note":"當選擇 防護 命令時，將使用技能 #2。","occasion":1,"repeats":1,"requiredWtypeId1":0,"requiredWtypeId2":0,"scope":11,"speed":2000,"stypeId":0,"successRate":100,"tpCost":0,"tpGain":10},
{"id":3,"animationId":-1,"damage":{"critical":true,"elementId":-1,"formula":"a.atk * 4 - b.def * 2","type":1,"variance":20},"description":"","effects":[{"code":21,"dataId":0,"value1":1,"value2":0}],"hitType":1,"iconIndex":76,"message1":"攻擊！","message2":"","mpCost":0,"name":"雙重攻擊","note":"","occasion":1,"repeats":2,"requiredWtypeId1":0,"requiredWtypeId2":0,"scope":1,"speed":0,"stypeId":0,"successRate":100,"tpCost":0,"tpGain":5},
{"id":4,"animationId":-1,"damage":{"critical":true,"elementId":-1,"formula":"a.atk * 4 - b.def * 2","type":1,"variance":20},"description":"","effects":[{"code":21,"dataId":0,"value1":1,"value2":0}],"hitType":1,"iconIndex":76,"message1":"攻擊！","message2":"","mpCost":0,"name":"雙倍攻擊","note":"","occasion":1,"repeats":1,"requiredWtypeId1":0,"requiredWtypeId2":0,"scope":4,"speed":0,"stypeId":0,"successRate":100,"tpCost":0,"tpGain":5},
{"id":5,"animationId":-1,"damage":{"critical":true,"elementId":-1,"formula":"a.atk * 4 - b.def * 2","type":1,"variance":20},"description":"","effects":[{"code":21,"dataId":0,"value1":1,"value2":0}],"hitType":1,"iconIndex":76,"message1":"攻擊！","message2":"","mpCost":0,"name":"三倍攻擊","note":"","occasion":1,"repeats":1,"requiredWtypeId1":0,"requiredWtypeId2":0,"scope":5,"speed":0,"stypeId":0,"successRate":100,"tpCost":0,"tpGain":4},
{"id":6,"animationId":0,"damage":{"critical":false,"elementId":0,"formula":"0","type":0,"variance":20},"description":"","effects":[{"code":41,"dataId":0,"value1":0,"value2":0}],"hitType":0,"iconIndex":82,"message1":"逃跑。","message2":"","mpCost":0,"name":"逃跑","note":"","occasion":1,"repeats":1,"requiredWtypeId1":0,"requiredWtypeId2":0,"scope":11,"speed":0,"stypeId":0,"successRate":100,"tpCost":0,"tpGain":0},
{"id":7,"animationId":0,"damage":{"critical":false,"elementId":0,"formula":"0","type":0,"variance":20},"description":"","effects":[],"hitType":0,"iconIndex":81,"message1":"待機。","message2":"","mpCost":0,"name":"待機","note":"","occasion":1,"repeats":1,"requiredWtypeId1":0,"requiredWtypeId2":0,"scope":0,"speed":0,"stypeId":0,"successRate":100,"tpCost":0,"tpGain":10},
{"id":8,"animationId":41,"damage":{"critical":false,"elementId":0,"formula":"200 + a.mat","type":3,"variance":20},"description":"","effects":[],"hitType":0,"iconIndex":72,"message1":"施放 %1!","message2":"","mpCost":5,"name":"癒療","note":"","occasion":0,"repeats":1,"requiredWtypeId1":0,"requiredWtypeId2":0,"scope":7,"speed":0,"stypeId":1,"successRate":100,"tpCost":0,"tpGain":10},
{"id":9,"animationId":66,"damage":{"critical":false,"elementId":2,"formula":"100 + a.mat * 2 - b.mdf * 2","type":1,"variance":20},"description":"","effects":[],"hitType":2,"iconIndex":64,"message1":"施放 %1!","message2":"","mpCost":5,"name":"火","note":"","occasion":1,"repeats":1,"requiredWtypeId1":0,"requiredWtypeId2":0,"scope":1,"speed":0,"stypeId":1,"successRate":100,"tpCost":0,"tpGain":10},
{"id":10,"animationId":78,"damage":{"critical":false,"elementId":4,"formula":"100 + a.mat * 2 - b.mdf * 2","type":1,"variance":20},"description":"","effects":[],"hitType":2,"iconIndex":66,"message1":"施放 %1!","message2":"","mpCost":5,"name":"火花","note":"","occasion":1,"repeats":1,"requiredWtypeId1":0,"requiredWtypeId2":0,"scope":2,"speed":0,"stypeId":1,"successRate":100,"tpCost":0,"tpGain":10},
{"id":11,"animationId":0,"damage":{"critical":false,"elementId":5,"formula":"9*30+80*6","type":3,"variance":20},"description":"Kirblise專屬技能","effects":[{"code":11,"dataId":0,"value1":1,"value2":0},{"code":12,"dataId":0,"value1":1,"value2":0},{"code":13,"dataId":0,"value1":100,"value2":0},{"code":21,"dataId":11,"value1":1,"value2":0}],"hitType":1,"iconIndex":7,"message1":"使用 %1！","message2":"","mpCost":0,"name":"愛情","note":"","occasion":2,"repeats":1,"requiredWtypeId1":4,"requiredWtypeId2":11,"scope":7,"speed":0,"stypeId":1,"successRate":100,"tpCost":0,"tpGain":0},
{"id":12,"animationId":2,"damage":{"critical":true,"elementId":0,"formula":"2","type":1,"variance":20},"description":"","effects":[],"hitType":0,"iconIndex":305,"message1":"使用 %1！","message2":"","mpCost":0,"name":"批石紀載","note":"","occasion":0,"repeats":1,"requiredWtypeId1":0,"requiredWtypeId2":0,"scope":1,"speed":100,"stypeId":1,"successRate":100,"tpCost":0,"tpGain":0},
{"id":13,"animationId":46,"damage":{"critical":false,"elementId":2,"formula":"80x990","type":3,"variance":20},"description":"乃屬沈徿宮參海的密技","effects":[{"code":11,"dataId":0,"value1":1,"value2":0},{"code":13,"dataId":0,"value1":100,"value2":0},{"code":12,"dataId":0,"value1":1,"value2":0}],"hitType":2,"iconIndex":7,"message1":"實行 %1！","message2":"","mpCost":0,"name":"回血技能","note":"","occasion":0,"repeats":1,"requiredWtypeId1":0,"requiredWtypeId2":0,"scope":7,"speed":0,"stypeId":1,"successRate":100,"tpCost":0,"tpGain":0},
{"id":14,"animationId":36,"damage":{"critical":false,"elementId":2,"formula":"89x180","type":3,"variance":20},"description":"乃屬沈徿宮參海的密技 可將死亡的盟友中恢復生命","effects":[{"code":12,"dataId":0,"value1":1,"value2":0},{"code":13,"dataId":0,"value1":80,"value2":0}],"hitType":2,"iconIndex":23,"message1":"使用 %1！","message2":"","mpCost":0,"name":"死亡補救","note":"","occasion":0,"repeats":1,"requiredWtypeId1":0,"requiredWtypeId2":0,"scope":9,"speed":0,"stypeId":1,"successRate":100,"tpCost":0,"tpGain":0},
{"id":15,"animationId":82,"damage":{"critical":true,"elementId":5,"formula":"100 + a.mat * 5 - b.mdf * 8","type":1,"variance":50},"description":"","effects":[{"code":21,"dataId":4,"value1":1,"value2":0},{"code":32,"dataId":2,"value1":10,"value2":0},{"code":32,"dataId":0,"value1":10,"value2":0}],"hitType":2,"iconIndex":67,"message1":"使用 %1！","message2":"","mpCost":250,"name":"水流","note":"","occasion":1,"repeats":1,"requiredWtypeId1":0,"requiredWtypeId2":0,"scope":1,"speed":0,"stypeId":1,"successRate":100,"tpCost":40,"tpGain":0},
{"id":16,"animationId":72,"damage":{"critical":false,"elementId":0,"formula":"100 + a.mat * 6 - b.mdf * 8","type":1,"variance":20},"description":"","effects":[{"code":31,"dataId":2,"value1":5,"value2":0},{"code":43,"dataId":13,"value1":1,"value2":0}],"hitType":2,"iconIndex":65,"message1":"使用 %1！","message2":"","mpCost":0,"name":"冰晶","note":"","occasion":0,"repeats":1,"requiredWtypeId1":0,"requiredWtypeId2":0,"scope":1,"speed":0,"stypeId":1,"successRate":100,"tpCost":0,"tpGain":0},
{"id":17,"animationId":121,"damage":{"critical":false,"elementId":0,"formula":"300 + a.mat * 5 - b.mdf * 8","type":1,"variance":20},"description":"","effects":[{"code":32,"dataId":0,"value1":5,"value2":0}],"hitType":0,"iconIndex":118,"message1":"","message2":"","mpCost":0,"name":"墊子花","note":"","occasion":1,"repeats":1,"requiredWtypeId1":0,"requiredWtypeId2":0,"scope":2,"speed":0,"stypeId":2,"successRate":100,"tpCost":0,"tpGain":0},
{"id":18,"animationId":0,"damage":{"critical":false,"elementId":0,"formula":"0","type":0,"variance":20},"description":"","effects":[],"hitType":0,"iconIndex":0,"message1":"","message2":"","mpCost":0,"name":"","note":"","occasion":0,"repeats":1,"requiredWtypeId1":0,"requiredWtypeId2":0,"scope":1,"speed":0,"stypeId":1,"successRate":100,"tpCost":0,"tpGain":0},
{"id":19,"animationId":0,"damage":{"critical":false,"elementId":0,"formula":"0","type":0,"variance":20},"description":"","effects":[],"hitType":0,"iconIndex":0,"message1":"","message2":"","mpCost":0,"name":"","note":"","occasion":0,"repeats":1,"requiredWtypeId1":0,"requiredWtypeId2":0,"scope":1,"speed":0,"stypeId":1,"successRate":100,"tpCost":0,"tpGain":0},
{"id":20,"animationId":0,"damage":{"critical":false,"elementId":0,"formula":"0","type":0,"variance":20},"description":"","effects":[],"hitType":0,"iconIndex":0,"message1":"","message2":"","mpCost":0,"name":"","note":"","occasion":0,"repeats":1,"requiredWtypeId1":0,"requiredWtypeId2":0,"scope":1,"speed":0,"stypeId":1,"successRate":100,"tpCost":0,"tpGain":0}
]