[
null,
{"id":1,"members":[{"enemyId":1,"x":132,"y":439,"hidden":false},{"enemyId":1,"x":246,"y":367,"hidden":false}],"name":"蝙蝠*2","pages":[{"conditions":{"actorHp":50,"actorId":1,"actorValid":false,"enemyHp":50,"enemyIndex":0,"enemyValid":false,"switchId":1,"switchValid":false,"turnA":0,"turnB":0,"turnEnding":false,"turnValid":false},"list":[{"code":0,"indent":0,"parameters":[]}],"span":0}]},
{"id":2,"members":[{"enemyId":2,"x":163,"y":436,"hidden":false},{"enemyId":2,"x":264,"y":349,"hidden":false}],"name":"史萊姆*2","pages":[{"conditions":{"actorHp":50,"actorId":1,"actorValid":false,"enemyHp":50,"enemyIndex":0,"enemyValid":false,"switchId":1,"switchValid":false,"turnA":0,"turnB":0,"turnEnding":false,"turnValid":false},"list":[{"code":0,"indent":0,"parameters":[]}],"span":0}]},
{"id":3,"members":[{"enemyId":3,"x":201,"y":427,"hidden":false}],"name":"妖魔","pages":[{"conditions":{"actorHp":50,"actorId":1,"actorValid":false,"enemyHp":50,"enemyIndex":0,"enemyValid":false,"switchId":1,"switchValid":false,"turnA":0,"turnB":0,"turnEnding":false,"turnValid":false},"list":[{"code":0,"indent":0,"parameters":[]}],"span":0}]},
{"id":4,"members":[{"enemyId":4,"x":216,"y":444,"hidden":false}],"name":"牛頭怪","pages":[{"conditions":{"actorHp":50,"actorId":1,"actorValid":false,"enemyHp":50,"enemyIndex":0,"enemyValid":false,"switchId":1,"switchValid":false,"turnA":0,"turnB":0,"turnEnding":false,"turnValid":false},"list":[{"code":0,"indent":0,"parameters":[]}],"span":0}]},
{"id":5,"members":[{"enemyId":5,"x":200,"y":427,"hidden":false},{"enemyId":5,"x":262,"y":367,"hidden":false}],"name":"大黃蜂","pages":[{"conditions":{"actorHp":50,"actorId":1,"actorValid":false,"enemyHp":50,"enemyIndex":0,"enemyValid":false,"switchId":1,"switchValid":false,"turnA":0,"turnB":0,"turnEnding":true,"turnValid":false},"list":[{"code":0,"indent":0,"parameters":[]}],"span":0}]},
{"id":6,"members":[{"enemyId":6,"x":177,"y":406,"hidden":false}],"name":"Eaiocioless","pages":[{"conditions":{"actorHp":50,"actorId":1,"actorValid":false,"enemyHp":50,"enemyIndex":0,"enemyValid":false,"switchId":1,"switchValid":false,"turnA":0,"turnB":0,"turnEnding":false,"turnValid":false},"list":[{"code":0,"indent":0,"parameters":[]}],"span":0}]},
{"id":7,"members":[{"enemyId":8,"x":120,"y":385,"hidden":false}],"name":"普普的","pages":[{"conditions":{"actorHp":50,"actorId":1,"actorValid":false,"enemyHp":0,"enemyIndex":0,"enemyValid":false,"switchId":1,"switchValid":false,"turnA":0,"turnB":0,"turnEnding":false,"turnValid":false},"list":[{"code":0,"indent":0,"parameters":[]}],"span":0}]},
{"id":8,"members":[{"enemyId":7,"x":249,"y":435,"hidden":false}],"name":"大模式狩獵者","pages":[{"conditions":{"actorHp":50,"actorId":1,"actorValid":false,"enemyHp":0,"enemyIndex":0,"enemyValid":true,"switchId":1,"switchValid":false,"turnA":0,"turnB":0,"turnEnding":false,"turnValid":false},"list":[{"code":250,"indent":0,"parameters":[{"name":"Attack2","volume":90,"pitch":100,"pan":0}]},{"code":224,"indent":0,"parameters":[[255,255,255,170],60,true]},{"code":250,"indent":0,"parameters":[{"name":"Attack2","volume":90,"pitch":100,"pan":0}]},{"code":224,"indent":0,"parameters":[[255,255,255,170],60,true]},{"code":250,"indent":0,"parameters":[{"name":"Attack2","volume":90,"pitch":100,"pan":0}]},{"code":224,"indent":0,"parameters":[[255,255,255,170],60,true]},{"code":0,"indent":0,"parameters":[]}],"span":0}]},
{"id":9,"members":[{"enemyId":9,"x":231,"y":421,"hidden":false}],"name":"阿姆斯壯","pages":[{"conditions":{"actorHp":50,"actorId":1,"actorValid":false,"enemyHp":50,"enemyIndex":0,"enemyValid":false,"switchId":1,"switchValid":false,"turnA":0,"turnB":0,"turnEnding":false,"turnValid":false},"list":[{"code":0,"indent":0,"parameters":[]}],"span":0}]},
{"id":10,"members":[{"enemyId":1,"x":72,"y":436,"hidden":false},{"enemyId":9,"x":194,"y":424,"hidden":false},{"enemyId":1,"x":262,"y":382,"hidden":false},{"enemyId":2,"x":237,"y":436,"hidden":false},{"enemyId":2,"x":328,"y":403,"hidden":false}],"name":"大總會","pages":[{"conditions":{"actorHp":50,"actorId":1,"actorValid":false,"enemyHp":50,"enemyIndex":0,"enemyValid":false,"switchId":1,"switchValid":false,"turnA":0,"turnB":0,"turnEnding":false,"turnValid":false},"list":[{"code":0,"indent":0,"parameters":[]}],"span":0}]},
{"id":11,"members":[{"enemyId":1,"x":193,"y":436,"hidden":false},{"enemyId":2,"x":100,"y":421,"hidden":false},{"enemyId":1,"x":288,"y":394,"hidden":false},{"enemyId":2,"x":219,"y":340,"hidden":false}],"name":"Samalon","pages":[{"conditions":{"actorHp":50,"actorId":1,"actorValid":false,"enemyHp":50,"enemyIndex":0,"enemyValid":false,"switchId":1,"switchValid":false,"turnA":0,"turnB":0,"turnEnding":false,"turnValid":false},"list":[{"code":0,"indent":0,"parameters":[]}],"span":0}]},
{"id":12,"members":[{"enemyId":10,"x":172,"y":391,"hidden":false},{"enemyId":2,"x":209,"y":433,"hidden":false},{"enemyId":2,"x":229,"y":331,"hidden":false},{"enemyId":2,"x":87,"y":433,"hidden":false},{"enemyId":2,"x":321,"y":385,"hidden":false}],"name":"長位即使萊姆","pages":[{"conditions":{"actorHp":50,"actorId":1,"actorValid":false,"enemyHp":100,"enemyIndex":0,"enemyValid":true,"switchId":1,"switchValid":false,"turnA":0,"turnB":0,"turnEnding":false,"turnValid":false},"list":[{"code":101,"indent":0,"parameters":["",0,0,2]},{"code":401,"indent":0,"parameters":["\\n<長位>"]},{"code":401,"indent":0,"parameters":["你們是來送命的?"]},{"code":101,"indent":0,"parameters":["",0,0,2]},{"code":401,"indent":0,"parameters":["\\n<Listion>"]},{"code":401,"indent":0,"parameters":["你才是來送死的吧"]},{"code":0,"indent":0,"parameters":[]}],"span":0},{"conditions":{"actorHp":50,"actorId":1,"actorValid":false,"enemyHp":50,"enemyIndex":0,"enemyValid":true,"switchId":1,"switchValid":false,"turnA":0,"turnB":0,"turnEnding":false,"turnValid":false},"list":[{"code":331,"indent":0,"parameters":[-1,0,0,500,false]},{"code":101,"indent":0,"parameters":["",0,0,2]},{"code":401,"indent":0,"parameters":["\\n<長位>"]},{"code":401,"indent":0,"parameters":["哼! 還好我留了一手"]},{"code":101,"indent":0,"parameters":["",0,0,2]},{"code":401,"indent":0,"parameters":["\\n<Listion>"]},{"code":401,"indent":0,"parameters":["什麼??"]},{"code":314,"indent":0,"parameters":[0,0]},{"code":101,"indent":0,"parameters":["",0,0,2]},{"code":401,"indent":0,"parameters":["\\n<Listion>"]},{"code":401,"indent":0,"parameters":["好!這下各位可以好好的打鬥了"]},{"code":101,"indent":0,"parameters":["",0,0,2]},{"code":401,"indent":0,"parameters":["\\n<長位>"]},{"code":401,"indent":0,"parameters":["你什麼意思?"]},{"code":101,"indent":0,"parameters":["",0,0,2]},{"code":401,"indent":0,"parameters":["\\n<Listion>"]},{"code":401,"indent":0,"parameters":["這位先生 你有所不知"]},{"code":401,"indent":0,"parameters":["我也有復血密技"]},{"code":101,"indent":0,"parameters":["",0,0,2]},{"code":401,"indent":0,"parameters":["\\n<長位>"]},{"code":401,"indent":0,"parameters":["啊?"]},{"code":101,"indent":0,"parameters":["",0,0,2]},{"code":401,"indent":0,"parameters":["\\n<長位>"]},{"code":401,"indent":0,"parameters":["很好 那我看誰先倒下阿!!"]},{"code":0,"indent":0,"parameters":[]}],"span":0}]},
{"id":13,"members":[{"enemyId":10,"x":226,"y":367,"hidden":false},{"enemyId":2,"x":140,"y":343,"hidden":false},{"enemyId":2,"x":238,"y":439,"hidden":false},{"enemyId":2,"x":87,"y":433,"hidden":false},{"enemyId":2,"x":339,"y":376,"hidden":false},{"enemyId":10,"x":243,"y":406,"hidden":false}],"name":"長位2即使萊姆","pages":[{"conditions":{"actorHp":50,"actorId":1,"actorValid":false,"enemyHp":100,"enemyIndex":0,"enemyValid":true,"switchId":1,"switchValid":false,"turnA":0,"turnB":0,"turnEnding":false,"turnValid":false},"list":[{"code":101,"indent":0,"parameters":["",0,0,2]},{"code":401,"indent":0,"parameters":["\\n<長位>"]},{"code":401,"indent":0,"parameters":["你們給我躺在這裡"]},{"code":401,"indent":0,"parameters":["永遠別出去了"]},{"code":224,"indent":0,"parameters":[[255,0,0,51],60,false]},{"code":311,"indent":0,"parameters":[0,0,1,0,900,false]},{"code":101,"indent":0,"parameters":["",0,0,2]},{"code":401,"indent":0,"parameters":["\\n<Kirblise>"]},{"code":401,"indent":0,"parameters":["好痛!"]},{"code":101,"indent":0,"parameters":["",0,0,2]},{"code":401,"indent":0,"parameters":["\\n<Listion>"]},{"code":401,"indent":0,"parameters":["看來只能應對了"]},{"code":337,"indent":0,"parameters":[0,14,false]},{"code":331,"indent":0,"parameters":[-1,1,0,600,false]},{"code":0,"indent":0,"parameters":[]}],"span":0},{"conditions":{"actorHp":50,"actorId":1,"actorValid":false,"enemyHp":50,"enemyIndex":0,"enemyValid":true,"switchId":1,"switchValid":false,"turnA":0,"turnB":0,"turnEnding":false,"turnValid":false},"list":[{"code":101,"indent":0,"parameters":["",0,0,2]},{"code":401,"indent":0,"parameters":["\\n<長位>"]},{"code":401,"indent":0,"parameters":["怎回事?"]},{"code":401,"indent":0,"parameters":["我怎了?"]},{"code":101,"indent":0,"parameters":["",0,0,2]},{"code":401,"indent":0,"parameters":["\\n<沈徿宮參海>"]},{"code":401,"indent":0,"parameters":["看來 有人招惹了我朋友的閨密"]},{"code":101,"indent":0,"parameters":["",0,0,2]},{"code":401,"indent":0,"parameters":["\\n<Listion>"]},{"code":401,"indent":0,"parameters":["參海 你怎在這裡?"]},{"code":101,"indent":0,"parameters":["",0,0,2]},{"code":401,"indent":0,"parameters":["\\n<沈徿宮參海>"]},{"code":401,"indent":0,"parameters":["因為我知道你們遭遇困難了"]},{"code":401,"indent":0,"parameters":["所以我來幫你們的"]},{"code":311,"indent":0,"parameters":[0,0,0,0,5000,false]},{"code":101,"indent":0,"parameters":["",0,0,2]},{"code":401,"indent":0,"parameters":["沈徿宮參海恢復我對生命"]},{"code":101,"indent":0,"parameters":["",0,0,2]},{"code":401,"indent":0,"parameters":["\\n<Listion>"]},{"code":401,"indent":0,"parameters":["感謝沈徿宮陛下"]},{"code":101,"indent":0,"parameters":["",0,0,2]},{"code":401,"indent":0,"parameters":["\\n<Listion>"]},{"code":401,"indent":0,"parameters":["各位 擊潰他們"]},{"code":101,"indent":0,"parameters":["",0,0,2]},{"code":401,"indent":0,"parameters":["\\n<長位>"]},{"code":401,"indent":0,"parameters":["可惡...."]},{"code":0,"indent":0,"parameters":[]}],"span":0}]},
{"id":14,"members":[{"enemyId":10,"x":205,"y":406,"hidden":false},{"enemyId":2,"x":209,"y":433,"hidden":false},{"enemyId":2,"x":343,"y":349,"hidden":false},{"enemyId":2,"x":87,"y":433,"hidden":false},{"enemyId":2,"x":315,"y":397,"hidden":false},{"enemyId":10,"x":189,"y":333,"hidden":false},{"enemyId":10,"x":267,"y":364,"hidden":false}],"name":"長位3即使萊姆","pages":[{"conditions":{"actorHp":50,"actorId":1,"actorValid":false,"enemyHp":100,"enemyIndex":0,"enemyValid":true,"switchId":1,"switchValid":false,"turnA":0,"turnB":0,"turnEnding":false,"turnValid":false},"list":[{"code":311,"indent":0,"parameters":[0,0,1,0,1200,false]},{"code":101,"indent":0,"parameters":["",0,0,2]},{"code":401,"indent":0,"parameters":["\\n<長位>"]},{"code":401,"indent":0,"parameters":["很好 你們都被我設計的陷阱給騙了"]},{"code":401,"indent":0,"parameters":["實際上 那些都是病毒 哇哈....."]},{"code":101,"indent":0,"parameters":["",0,0,2]},{"code":401,"indent":0,"parameters":["\\n<沈徿宮參海>"]},{"code":401,"indent":0,"parameters":["你...就只會這招嗎?"]},{"code":101,"indent":0,"parameters":["",0,0,2]},{"code":401,"indent":0,"parameters":["\\n<沈徿宮參海>"]},{"code":401,"indent":0,"parameters":["哼!我已經知道會有這妙計了"]},{"code":401,"indent":0,"parameters":["請別再耍這把戲"]},{"code":101,"indent":0,"parameters":["",0,0,2]},{"code":401,"indent":0,"parameters":["\\n<沈徿宮參海>"]},{"code":401,"indent":0,"parameters":["看我的 急速恢復術"]},{"code":311,"indent":0,"parameters":[0,0,0,0,9000,false]},{"code":101,"indent":0,"parameters":["",0,0,2]},{"code":401,"indent":0,"parameters":["\\n<長位>"]},{"code":401,"indent":0,"parameters":["你居然....唉"]},{"code":401,"indent":0,"parameters":["那我只好你你們知道什麼叫做"]},{"code":401,"indent":0,"parameters":["\\{邪惡的力量"]},{"code":0,"indent":0,"parameters":[]}],"span":0}]},
{"id":15,"members":[{"enemyId":10,"x":301,"y":370,"hidden":false},{"enemyId":2,"x":209,"y":433,"hidden":false},{"enemyId":2,"x":172,"y":292,"hidden":false},{"enemyId":2,"x":87,"y":433,"hidden":false},{"enemyId":2,"x":276,"y":265,"hidden":false},{"enemyId":10,"x":330,"y":303,"hidden":false},{"enemyId":10,"x":210,"y":352,"hidden":false},{"enemyId":10,"x":246,"y":411,"hidden":false}],"name":"長位4即使萊姆","pages":[{"conditions":{"actorHp":50,"actorId":1,"actorValid":false,"enemyHp":50,"enemyIndex":0,"enemyValid":false,"switchId":1,"switchValid":false,"turnA":0,"turnB":0,"turnEnding":false,"turnValid":false},"list":[{"code":0,"indent":0,"parameters":[]}],"span":0}]},
{"id":16,"members":[{"enemyId":10,"x":214,"y":439,"hidden":false},{"enemyId":2,"x":87,"y":433,"hidden":false},{"enemyId":2,"x":150,"y":280,"hidden":false},{"enemyId":10,"x":231,"y":348,"hidden":false},{"enemyId":10,"x":282,"y":379,"hidden":false},{"enemyId":10,"x":267,"y":285,"hidden":false},{"enemyId":10,"x":330,"y":325,"hidden":false}],"name":"長位5即使萊姆","pages":[{"conditions":{"actorHp":50,"actorId":1,"actorValid":false,"enemyHp":50,"enemyIndex":0,"enemyValid":false,"switchId":1,"switchValid":false,"turnA":0,"turnB":0,"turnEnding":false,"turnValid":false},"list":[{"code":0,"indent":0,"parameters":[]}],"span":0}]},
{"id":17,"members":[{"enemyId":11,"x":120,"y":373,"hidden":false},{"enemyId":11,"x":166,"y":442,"hidden":false},{"enemyId":11,"x":203,"y":322,"hidden":false},{"enemyId":11,"x":268,"y":444,"hidden":false},{"enemyId":11,"x":377,"y":316,"hidden":false},{"enemyId":11,"x":256,"y":393,"hidden":false},{"enemyId":11,"x":455,"y":379,"hidden":false},{"enemyId":11,"x":364,"y":415,"hidden":false}],"name":"曉風大樂隊","pages":[{"conditions":{"actorHp":50,"actorId":1,"actorValid":false,"enemyHp":50,"enemyIndex":0,"enemyValid":false,"switchId":1,"switchValid":false,"turnA":0,"turnB":0,"turnEnding":false,"turnValid":false},"list":[{"code":0,"indent":0,"parameters":[]}],"span":0}]},
{"id":18,"members":[{"enemyId":12,"x":64,"y":444,"hidden":false},{"enemyId":12,"x":184,"y":388,"hidden":false},{"enemyId":12,"x":302,"y":444,"hidden":false},{"enemyId":12,"x":438,"y":382,"hidden":false}],"name":"機6器人","pages":[{"conditions":{"actorHp":50,"actorId":1,"actorValid":false,"enemyHp":50,"enemyIndex":0,"enemyValid":false,"switchId":1,"switchValid":false,"turnA":0,"turnB":0,"turnEnding":false,"turnValid":false},"list":[{"code":0,"indent":0,"parameters":[]}],"span":0}]},
{"id":19,"members":[{"enemyId":10,"x":245,"y":436,"hidden":false},{"enemyId":2,"x":115,"y":433,"hidden":false},{"enemyId":10,"x":183,"y":346,"hidden":false},{"enemyId":10,"x":271,"y":391,"hidden":false},{"enemyId":10,"x":299,"y":337,"hidden":false},{"enemyId":10,"x":189,"y":400,"hidden":false},{"enemyId":10,"x":260,"y":322,"hidden":false},{"enemyId":2,"x":369,"y":340,"hidden":false}],"name":"長位6即使萊姆","pages":[{"conditions":{"actorHp":50,"actorId":1,"actorValid":false,"enemyHp":50,"enemyIndex":0,"enemyValid":false,"switchId":1,"switchValid":false,"turnA":0,"turnB":0,"turnEnding":false,"turnValid":false},"list":[{"code":0,"indent":0,"parameters":[]}],"span":0}]},
{"id":20,"members":[{"enemyId":12,"x":172,"y":444,"hidden":true},{"enemyId":13,"x":371,"y":412,"hidden":false},{"enemyId":10,"x":335,"y":328,"hidden":true}],"name":"最終魔王","pages":[{"conditions":{"actorHp":50,"actorId":1,"actorValid":false,"enemyHp":100,"enemyIndex":1,"enemyValid":true,"switchId":1,"switchValid":false,"turnA":0,"turnB":0,"turnEnding":false,"turnValid":false},"list":[{"code":101,"indent":0,"parameters":["",0,0,2]},{"code":401,"indent":0,"parameters":["第一階段"]},{"code":0,"indent":0,"parameters":[]}],"span":0},{"conditions":{"actorHp":50,"actorId":1,"actorValid":false,"enemyHp":2,"enemyIndex":1,"enemyValid":true,"switchId":1,"switchValid":false,"turnA":0,"turnB":0,"turnEnding":false,"turnValid":false},"list":[{"code":331,"indent":0,"parameters":[-1,0,0,3000,false]},{"code":101,"indent":0,"parameters":["",0,0,2]},{"code":401,"indent":0,"parameters":["第二階段"]},{"code":335,"indent":0,"parameters":[0]},{"code":335,"indent":0,"parameters":[2]},{"code":101,"indent":0,"parameters":["",0,0,2]},{"code":401,"indent":0,"parameters":["敵對多加了兩位對打人"]},{"code":0,"indent":0,"parameters":[]}],"span":0},{"conditions":{"actorHp":50,"actorId":1,"actorValid":false,"enemyHp":1,"enemyIndex":1,"enemyValid":true,"switchId":1,"switchValid":false,"turnA":0,"turnB":0,"turnEnding":false,"turnValid":false},"list":[{"code":241,"indent":0,"parameters":[{"name":"THEME","volume":90,"pitch":100,"pan":0}]},{"code":331,"indent":0,"parameters":[-1,0,0,3000,false]},{"code":101,"indent":0,"parameters":["",0,0,2]},{"code":401,"indent":0,"parameters":["最終階段"]},{"code":101,"indent":0,"parameters":["",0,0,2]},{"code":401,"indent":0,"parameters":["\\n<正倫>"]},{"code":401,"indent":0,"parameters":["還真有本事!"]},{"code":401,"indent":0,"parameters":["接下來 是我出馬的時候了"]},{"code":339,"indent":0,"parameters":[0,1,1,-1]},{"code":339,"indent":0,"parameters":[0,1,1,-1]},{"code":339,"indent":0,"parameters":[0,1,1,-1]},{"code":339,"indent":0,"parameters":[0,1,1,-1]},{"code":101,"indent":0,"parameters":["",0,0,2]},{"code":401,"indent":0,"parameters":["\\n<沈徿宮參海>"]},{"code":401,"indent":0,"parameters":["看來您還不知道\\|"]},{"code":401,"indent":0,"parameters":["本姑娘的威力吧?"]},{"code":314,"indent":0,"parameters":[0,1]},{"code":314,"indent":0,"parameters":[0,2]},{"code":314,"indent":0,"parameters":[0,3]},{"code":314,"indent":0,"parameters":[0,4]},{"code":314,"indent":0,"parameters":[0,6]},{"code":314,"indent":0,"parameters":[0,7]},{"code":314,"indent":0,"parameters":[0,8]},{"code":101,"indent":0,"parameters":["",0,0,2]},{"code":401,"indent":0,"parameters":["\\n<沈徿宮參海>"]},{"code":401,"indent":0,"parameters":["接下來各位一起擊潰他們吧!"]},{"code":101,"indent":0,"parameters":["",0,0,2]},{"code":401,"indent":0,"parameters":["\\n<Listion隊伍>"]},{"code":401,"indent":0,"parameters":["收到了 阿參!"]},{"code":0,"indent":0,"parameters":[]}],"span":0},{"conditions":{"actorHp":50,"actorId":1,"actorValid":false,"enemyHp":0,"enemyIndex":1,"enemyValid":true,"switchId":1,"switchValid":false,"turnA":0,"turnB":0,"turnEnding":false,"turnValid":false},"list":[{"code":250,"indent":0,"parameters":[{"name":"Attack2","volume":90,"pitch":100,"pan":0}]},{"code":224,"indent":0,"parameters":[[255,255,255,170],60,true]},{"code":250,"indent":0,"parameters":[{"name":"Attack2","volume":90,"pitch":100,"pan":0}]},{"code":224,"indent":0,"parameters":[[255,255,255,170],60,true]},{"code":250,"indent":0,"parameters":[{"name":"Attack2","volume":90,"pitch":100,"pan":0}]},{"code":224,"indent":0,"parameters":[[255,255,255,170],60,true]},{"code":132,"indent":0,"parameters":[{"name":"Battle","volume":90,"pitch":100,"pan":0}]},{"code":0,"indent":0,"parameters":[]}],"span":0}]},
{"id":21,"members":[{"enemyId":14,"x":186,"y":406,"hidden":false},{"enemyId":14,"x":274,"y":379,"hidden":false}],"name":"舜隆*2","pages":[{"conditions":{"actorHp":50,"actorId":1,"actorValid":false,"enemyHp":50,"enemyIndex":0,"enemyValid":false,"switchId":1,"switchValid":false,"turnA":0,"turnB":0,"turnEnding":false,"turnValid":false},"list":[{"code":0,"indent":0,"parameters":[]}],"span":0}]},
{"id":22,"members":[{"enemyId":14,"x":239,"y":436,"hidden":false},{"enemyId":14,"x":327,"y":385,"hidden":false},{"enemyId":14,"x":301,"y":331,"hidden":false}],"name":"舜隆*3","pages":[{"conditions":{"actorHp":50,"actorId":1,"actorValid":false,"enemyHp":50,"enemyIndex":0,"enemyValid":false,"switchId":1,"switchValid":false,"turnA":0,"turnB":0,"turnEnding":false,"turnValid":false},"list":[{"code":0,"indent":0,"parameters":[]}],"span":0}]},
{"id":23,"members":[{"enemyId":14,"x":188,"y":444,"hidden":false},{"enemyId":14,"x":300,"y":421,"hidden":false},{"enemyId":14,"x":328,"y":367,"hidden":false},{"enemyId":14,"x":251,"y":328,"hidden":false}],"name":"舜隆*4","pages":[{"conditions":{"actorHp":50,"actorId":1,"actorValid":false,"enemyHp":50,"enemyIndex":0,"enemyValid":false,"switchId":1,"switchValid":false,"turnA":0,"turnB":0,"turnEnding":false,"turnValid":false},"list":[{"code":0,"indent":0,"parameters":[]}],"span":0}]},
{"id":24,"members":[],"name":"","pages":[{"conditions":{"actorHp":50,"actorId":1,"actorValid":false,"enemyHp":50,"enemyIndex":0,"enemyValid":false,"switchId":1,"switchValid":false,"turnA":0,"turnB":0,"turnEnding":false,"turnValid":false},"list":[{"code":0,"indent":0,"parameters":[]}],"span":0}]},
{"id":25,"members":[],"name":"","pages":[{"conditions":{"actorHp":50,"actorId":1,"actorValid":false,"enemyHp":50,"enemyIndex":0,"enemyValid":false,"switchId":1,"switchValid":false,"turnA":0,"turnB":0,"turnEnding":false,"turnValid":false},"list":[{"code":0,"indent":0,"parameters":[]}],"span":0}]},
{"id":26,"members":[],"name":"","pages":[{"conditions":{"actorHp":50,"actorId":1,"actorValid":false,"enemyHp":50,"enemyIndex":0,"enemyValid":false,"switchId":1,"switchValid":false,"turnA":0,"turnB":0,"turnEnding":false,"turnValid":false},"list":[{"code":0,"indent":0,"parameters":[]}],"span":0}]},
{"id":27,"members":[],"name":"","pages":[{"conditions":{"actorHp":50,"actorId":1,"actorValid":false,"enemyHp":50,"enemyIndex":0,"enemyValid":false,"switchId":1,"switchValid":false,"turnA":0,"turnB":0,"turnEnding":false,"turnValid":false},"list":[{"code":0,"indent":0,"parameters":[]}],"span":0}]},
{"id":28,"members":[],"name":"","pages":[{"conditions":{"actorHp":50,"actorId":1,"actorValid":false,"enemyHp":50,"enemyIndex":0,"enemyValid":false,"switchId":1,"switchValid":false,"turnA":0,"turnB":0,"turnEnding":false,"turnValid":false},"list":[{"code":0,"indent":0,"parameters":[]}],"span":0}]},
{"id":29,"members":[],"name":"","pages":[{"conditions":{"actorHp":50,"actorId":1,"actorValid":false,"enemyHp":50,"enemyIndex":0,"enemyValid":false,"switchId":1,"switchValid":false,"turnA":0,"turnB":0,"turnEnding":false,"turnValid":false},"list":[{"code":0,"indent":0,"parameters":[]}],"span":0}]},
{"id":30,"members":[],"name":"","pages":[{"conditions":{"actorHp":50,"actorId":1,"actorValid":false,"enemyHp":50,"enemyIndex":0,"enemyValid":false,"switchId":1,"switchValid":false,"turnA":0,"turnB":0,"turnEnding":false,"turnValid":false},"list":[{"code":0,"indent":0,"parameters":[]}],"span":0}]}
]