[
null,
{"id":1,"animationId":6,"description":"","etypeId":1,"traits":[{"code":31,"dataId":1,"value":0},{"code":22,"dataId":0,"value":0}],"iconIndex":97,"name":"劍","note":"","params":[0,0,10,0,0,0,0,0],"price":500,"wtypeId":2},
{"id":2,"animationId":6,"description":"","etypeId":1,"traits":[{"code":31,"dataId":1,"value":0},{"code":22,"dataId":0,"value":0}],"iconIndex":99,"name":"斧","note":"","params":[0,0,10,0,0,0,0,0],"price":500,"wtypeId":4},
{"id":3,"animationId":1,"description":"","etypeId":1,"traits":[{"code":31,"dataId":1,"value":0},{"code":22,"dataId":0,"value":0}],"iconIndex":101,"name":"杖","note":"","params":[0,0,10,0,0,0,0,0],"price":500,"wtypeId":6},
{"id":4,"animationId":11,"description":"","etypeId":1,"traits":[{"code":31,"dataId":1,"value":0},{"code":22,"dataId":0,"value":0}],"iconIndex":102,"name":"弓","note":"","params":[0,0,10,0,0,0,0,0],"price":500,"wtypeId":7},
{"id":5,"animationId":114,"description":"","etypeId":1,"traits":[{"code":31,"dataId":1,"value":0},{"code":22,"dataId":0,"value":0}],"iconIndex":117,"name":"電鋸","note":"","params":[95,38,15,20,0,0,50,49],"price":210,"wtypeId":3},
{"id":6,"animationId":40,"description":"此東西僅限於Kirblise專用","etypeId":1,"traits":[{"code":31,"dataId":1,"value":0},{"code":22,"dataId":0,"value":0}],"iconIndex":84,"name":"愛","note":"","params":[89,46,0,0,50,36,50,34],"price":420,"wtypeId":5},
{"id":7,"animationId":15,"description":"加強防護功能","etypeId":1,"traits":[{"code":31,"dataId":1,"value":0},{"code":22,"dataId":0,"value":0}],"iconIndex":70,"name":"光餅","note":"","params":[22,16,0,0,16,15,35,35],"price":250,"wtypeId":8},
{"id":8,"animationId":14,"description":"使用此功能有助於攻打","etypeId":1,"traits":[{"code":31,"dataId":1,"value":0},{"code":22,"dataId":0,"value":0}],"iconIndex":65,"name":"冰點","note":"","params":[46,97,0,0,15,45,32,46],"price":260,"wtypeId":0},
{"id":9,"animationId":8,"description":"","etypeId":1,"traits":[{"code":31,"dataId":1,"value":0},{"code":22,"dataId":0,"value":0}],"iconIndex":64,"name":"火生","note":"","params":[19,22,50,45,0,0,50,50],"price":200,"wtypeId":0},
{"id":10,"animationId":36,"description":"","etypeId":1,"traits":[{"code":31,"dataId":1,"value":0},{"code":22,"dataId":0,"value":0}],"iconIndex":80,"name":"音樂","note":"","params":[82,15,0,0,46,22,15,45],"price":250,"wtypeId":0},
{"id":11,"animationId":111,"description":"Listion的專武","etypeId":1,"traits":[{"code":31,"dataId":2,"value":0},{"code":22,"dataId":0,"value":1},{"code":11,"dataId":1,"value":1}],"iconIndex":104,"name":"論子槍","note":"","params":[80,80,50,90,150,30,50,90],"price":0,"wtypeId":9},
{"id":12,"animationId":19,"description":"","etypeId":1,"traits":[{"code":31,"dataId":1,"value":0},{"code":22,"dataId":0,"value":0}],"iconIndex":105,"name":"明知套","note":"","params":[25,23,25,30,0,0,50,50],"price":250,"wtypeId":11},
{"id":13,"animationId":118,"description":"","etypeId":1,"traits":[{"code":31,"dataId":2,"value":0},{"code":22,"dataId":0,"value":1}],"iconIndex":23,"name":"愛仗","note":"","params":[60,70,50,70,0,0,30,20],"price":0,"wtypeId":6},
{"id":14,"animationId":0,"description":"","etypeId":1,"traits":[{"code":31,"dataId":1,"value":0},{"code":22,"dataId":0,"value":0}],"iconIndex":0,"name":"","note":"","params":[0,0,0,0,0,0,0,0],"price":0,"wtypeId":0},
{"id":15,"animationId":0,"description":"","etypeId":1,"traits":[{"code":31,"dataId":1,"value":0},{"code":22,"dataId":0,"value":0}],"iconIndex":0,"name":"","note":"","params":[0,0,0,0,0,0,0,0],"price":0,"wtypeId":0},
{"id":16,"animationId":0,"description":"","etypeId":1,"traits":[{"code":31,"dataId":1,"value":0},{"code":22,"dataId":0,"value":0}],"iconIndex":0,"name":"","note":"","params":[0,0,0,0,0,0,0,0],"price":0,"wtypeId":0},
{"id":17,"animationId":0,"description":"","etypeId":1,"traits":[{"code":31,"dataId":1,"value":0},{"code":22,"dataId":0,"value":0}],"iconIndex":0,"name":"","note":"","params":[0,0,0,0,0,0,0,0],"price":0,"wtypeId":0},
{"id":18,"animationId":0,"description":"","etypeId":1,"traits":[{"code":31,"dataId":1,"value":0},{"code":22,"dataId":0,"value":0}],"iconIndex":0,"name":"","note":"","params":[0,0,0,0,0,0,0,0],"price":0,"wtypeId":0},
{"id":19,"animationId":0,"description":"","etypeId":1,"traits":[{"code":31,"dataId":1,"value":0},{"code":22,"dataId":0,"value":0}],"iconIndex":0,"name":"","note":"","params":[0,0,0,0,0,0,0,0],"price":0,"wtypeId":0},
{"id":20,"animationId":0,"description":"","etypeId":1,"traits":[{"code":31,"dataId":1,"value":0},{"code":22,"dataId":0,"value":0}],"iconIndex":0,"name":"","note":"","params":[0,0,0,0,0,0,0,0],"price":0,"wtypeId":0}
]